"","ndays","site","pocc"
"1",0,1,1
"2",0,2,1
"3",0,3,1
"4",0,4,1
"5",0,5,1
"6",0,6,1
"7",0,7,1
"8",0,8,1
"9",0,9,1
"10",0,10,1
"11",0,11,1
"12",0,12,1
"13",0,13,1
"14",0,14,1
"15",0,15,1
"16",0,16,1
"17",0,17,1
"18",0,18,1
"19",0,19,1
"20",0,20,1
"21",0,21,1
"22",0,22,1
"23",0,23,1
"24",0,24,1
"25",0,25,1
"26",0,26,1
"27",0,27,1
"28",0,28,1
"29",0,29,1
"30",0,30,1
"31",0,31,1
"32",0,32,1
"33",0,33,1
"34",0,34,1
"35",0,35,1
"36",0,36,1
"37",0,37,1
"38",0,38,1
"39",0,39,1
"40",0,40,1
"41",0,41,1
"42",0,42,1
"43",0,43,1
"44",0,44,1
"45",0,45,1
"46",0,46,1
"47",0,47,1
"48",0,48,1
"49",0,49,1
"50",0,50,1
"51",0,51,1
"52",0,52,1
"53",0,53,1
"54",0,54,1
"55",0,55,1
"56",0,56,1
"57",0,57,1
"58",0,58,1
"59",0,59,1
"60",0,60,1
"61",0,61,1
"62",0,62,1
"63",0,63,1
"64",0,64,1
"65",0,65,1
"66",0,66,1
"67",0,67,1
"68",0,68,1
"69",0,69,1
"70",0,70,1
"71",0,71,1
"72",0,72,1
"73",0,73,1
"74",0,74,1
"75",0,75,1
"76",0,76,1
"77",0,77,1
"78",0,78,1
"79",0,79,1
"80",0,80,1
"81",0,81,1
"82",0,82,1
"83",0,83,1
"84",0,84,1
"85",0,85,1
"86",0,86,1
"87",0,87,1
"88",0,88,1
"89",0,89,1
"90",0,90,1
"91",0,91,1
"92",0,92,1
"93",0,93,1
"94",0,94,1
"95",0,95,1
"96",0,96,1
"97",0,97,1
"98",0,98,1
"99",0,99,1
"100",0,100,1
"101",0,101,1
"102",0,102,1
"103",0,103,1
"104",0,104,1
"105",0,105,1
"106",0,106,1
"107",0,107,1
"108",0,108,1
"109",0,109,1
"110",0,110,1
"111",0,111,1
"112",0,112,1
"113",0,113,1
"114",0,114,1
"115",0,115,1
"116",0,116,1
"117",0,117,1
"118",0,118,1
"119",0,119,1
"120",0,120,1
"121",0,121,1
"122",0,122,1
"123",0,123,1
"124",0,124,1
"125",0,125,1
"126",0,126,1
"127",0,127,1
"128",0,128,1
"129",0,129,1
"130",0,130,1
"131",0,131,1
"132",0,132,1
"133",0,133,1
"134",0,134,1
"135",0,135,1
"136",0,136,1
"137",0,137,1
"138",0,138,1
"139",0,139,1
"140",0,140,1
"141",0,141,1
"142",0,142,1
"143",0,143,1
"144",0,144,1
"145",0,145,1
"146",0,146,1
"147",0,147,1
"148",0,148,1
"149",0,149,1
"150",0,150,1
"151",0,151,1
"152",0,152,1
"153",0,153,1
"154",0,154,1
"155",0,155,1
"156",0,156,1
"157",0,157,1
"158",17,158,1
"159",108,159,1
"160",108,160,1
"161",108,161,1
"162",108,162,1
"163",108,163,1
"164",108,164,1
"165",73,165,1
"166",88,166,1
"167",107,167,1
"168",106,168,1
"169",103,169,1
"170",106,170,1
"171",106,171,1
"172",0,1,2
"173",0,2,2
"174",0,3,2
"175",0,4,2
"176",0,5,2
"177",0,6,2
"178",0,7,2
"179",0,8,2
"180",0,9,2
"181",96,10,2
"182",77,11,2
"183",106,12,2
"184",106,13,2
"185",87,14,2
"186",106,15,2
"187",70,16,2
"188",105,17,2
"189",105,18,2
"190",105,19,2
"191",105,20,2
"192",105,21,2
"193",104,22,2
"194",98,23,2
"195",104,24,2
"196",91,25,2
"197",86,26,2
"198",97,27,2
"199",97,28,2
"200",97,29,2
"201",34,30,2
"202",34,31,2
"203",34,32,2
"204",34,33,2
"205",34,34,2
"206",34,35,2
"207",34,36,2
"208",34,37,2
"209",33,38,2
"210",33,39,2
"211",33,40,2
"212",33,41,2
"213",33,42,2
"214",32,43,2
"215",32,44,2
"216",32,45,2
"217",32,46,2
"218",32,47,2
"219",31,48,2
"220",31,49,2
"221",31,50,2
"222",31,51,2
"223",30,52,2
"224",30,53,2
"225",28,54,2
"226",28,55,2
"227",28,56,2
"228",28,57,2
"229",28,58,2
"230",27,59,2
"231",0,60,2
"232",0,61,2
"233",0,62,2
"234",0,63,2
"235",0,64,2
"236",0,65,2
"237",0,66,2
"238",0,67,2
"239",0,68,2
"240",0,69,2
"241",0,70,2
"242",0,71,2
"243",0,72,2
"244",0,73,2
"245",0,74,2
"246",0,75,2
"247",0,76,2
"248",0,77,2
"249",0,78,2
"250",0,79,2
"251",0,80,2
"252",0,81,2
"253",0,82,2
"254",0,83,2
"255",0,84,2
"256",0,85,2
"257",0,86,2
"258",0,87,2
"259",0,88,2
"260",0,89,2
"261",0,90,2
"262",0,91,2
"263",0,92,2
"264",0,93,2
"265",0,94,2
"266",0,95,2
"267",0,96,2
"268",0,97,2
"269",0,98,2
"270",0,99,2
"271",0,100,2
"272",0,101,2
"273",0,102,2
"274",0,103,2
"275",0,104,2
"276",0,105,2
"277",0,106,2
"278",0,107,2
"279",0,108,2
"280",0,109,2
"281",0,110,2
"282",0,111,2
"283",0,112,2
"284",0,113,2
"285",0,114,2
"286",0,115,2
"287",0,116,2
"288",0,117,2
"289",0,118,2
"290",0,119,2
"291",0,120,2
"292",0,121,2
"293",0,122,2
"294",0,123,2
"295",0,124,2
"296",0,125,2
"297",0,126,2
"298",0,127,2
"299",0,128,2
"300",0,129,2
"301",0,130,2
"302",0,131,2
"303",0,132,2
"304",0,133,2
"305",0,134,2
"306",0,135,2
"307",0,136,2
"308",0,137,2
"309",0,138,2
"310",0,139,2
"311",0,140,2
"312",0,141,2
"313",0,142,2
"314",0,143,2
"315",0,144,2
"316",0,145,2
"317",0,146,2
"318",0,147,2
"319",0,148,2
"320",0,149,2
"321",0,150,2
"322",0,151,2
"323",0,152,2
"324",0,153,2
"325",0,154,2
"326",0,155,2
"327",0,156,2
"328",0,157,2
"329",34,158,2
"330",33,159,2
"331",0,160,2
"332",34,161,2
"333",34,162,2
"334",0,163,2
"335",33,164,2
"336",0,165,2
"337",33,166,2
"338",34,167,2
"339",34,168,2
"340",34,169,2
"341",33,170,2
"342",33,171,2
"343",0,1,3
"344",0,2,3
"345",0,3,3
"346",0,4,3
"347",0,5,3
"348",0,6,3
"349",0,7,3
"350",0,8,3
"351",0,9,3
"352",121,10,3
"353",121,11,3
"354",17,12,3
"355",68,13,3
"356",7,14,3
"357",121,15,3
"358",82,16,3
"359",63,17,3
"360",121,18,3
"361",121,19,3
"362",86,20,3
"363",64,21,3
"364",5,22,3
"365",21,23,3
"366",121,24,3
"367",94,25,3
"368",121,26,3
"369",100,27,3
"370",69,28,3
"371",121,29,3
"372",121,30,3
"373",77,31,3
"374",71,32,3
"375",0,33,3
"376",80,34,3
"377",56,35,3
"378",104,36,3
"379",58,37,3
"380",70,38,3
"381",121,39,3
"382",0,40,3
"383",103,41,3
"384",121,42,3
"385",75,43,3
"386",63,44,3
"387",0,45,3
"388",68,46,3
"389",107,47,3
"390",101,48,3
"391",94,49,3
"392",97,50,3
"393",99,51,3
"394",0,52,3
"395",81,53,3
"396",69,54,3
"397",121,55,3
"398",65,56,3
"399",121,57,3
"400",121,58,3
"401",121,59,3
"402",0,60,3
"403",0,61,3
"404",0,62,3
"405",0,63,3
"406",0,64,3
"407",0,65,3
"408",0,66,3
"409",0,67,3
"410",0,68,3
"411",0,69,3
"412",0,70,3
"413",0,71,3
"414",0,72,3
"415",0,73,3
"416",0,74,3
"417",0,75,3
"418",0,76,3
"419",0,77,3
"420",0,78,3
"421",0,79,3
"422",0,80,3
"423",0,81,3
"424",0,82,3
"425",0,83,3
"426",0,84,3
"427",0,85,3
"428",0,86,3
"429",0,87,3
"430",0,88,3
"431",0,89,3
"432",0,90,3
"433",0,91,3
"434",0,92,3
"435",0,93,3
"436",0,94,3
"437",0,95,3
"438",0,96,3
"439",0,97,3
"440",0,98,3
"441",0,99,3
"442",0,100,3
"443",0,101,3
"444",0,102,3
"445",0,103,3
"446",0,104,3
"447",0,105,3
"448",0,106,3
"449",0,107,3
"450",0,108,3
"451",0,109,3
"452",0,110,3
"453",0,111,3
"454",0,112,3
"455",0,113,3
"456",0,114,3
"457",0,115,3
"458",0,116,3
"459",0,117,3
"460",0,118,3
"461",0,119,3
"462",0,120,3
"463",0,121,3
"464",0,122,3
"465",0,123,3
"466",0,124,3
"467",0,125,3
"468",0,126,3
"469",0,127,3
"470",0,128,3
"471",0,129,3
"472",0,130,3
"473",0,131,3
"474",0,132,3
"475",0,133,3
"476",0,134,3
"477",0,135,3
"478",0,136,3
"479",0,137,3
"480",0,138,3
"481",0,139,3
"482",0,140,3
"483",0,141,3
"484",0,142,3
"485",0,143,3
"486",0,144,3
"487",0,145,3
"488",0,146,3
"489",0,147,3
"490",0,148,3
"491",0,149,3
"492",0,150,3
"493",0,151,3
"494",0,152,3
"495",0,153,3
"496",0,154,3
"497",0,155,3
"498",0,156,3
"499",0,157,3
"500",0,158,3
"501",0,159,3
"502",0,160,3
"503",0,161,3
"504",0,162,3
"505",0,163,3
"506",0,164,3
"507",0,165,3
"508",0,166,3
"509",0,167,3
"510",0,168,3
"511",0,169,3
"512",0,170,3
"513",0,171,3
"514",94,1,4
"515",94,2,4
"516",94,3,4
"517",93,4,4
"518",92,5,4
"519",68,6,4
"520",75,7,4
"521",47,8,4
"522",74,9,4
"523",50,10,4
"524",63,11,4
"525",49,12,4
"526",34,13,4
"527",48,14,4
"528",56,15,4
"529",45,16,4
"530",49,17,4
"531",61,18,4
"532",61,19,4
"533",47,20,4
"534",47,21,4
"535",45,22,4
"536",26,23,4
"537",62,24,4
"538",45,25,4
"539",46,26,4
"540",45,27,4
"541",21,28,4
"542",62,29,4
"543",62,30,4
"544",45,31,4
"545",45,32,4
"546",0,33,4
"547",48,34,4
"548",44,35,4
"549",45,36,4
"550",44,37,4
"551",49,38,4
"552",60,39,4
"553",44,40,4
"554",43,41,4
"555",48,42,4
"556",48,43,4
"557",18,44,4
"558",0,45,4
"559",44,46,4
"560",18,47,4
"561",49,48,4
"562",43,49,4
"563",0,50,4
"564",45,51,4
"565",45,52,4
"566",45,53,4
"567",39,54,4
"568",52,55,4
"569",45,56,4
"570",61,57,4
"571",54,58,4
"572",61,59,4
"573",0,60,4
"574",0,61,4
"575",0,62,4
"576",0,63,4
"577",0,64,4
"578",0,65,4
"579",0,66,4
"580",0,67,4
"581",0,68,4
"582",0,69,4
"583",0,70,4
"584",0,71,4
"585",0,72,4
"586",0,73,4
"587",0,74,4
"588",0,75,4
"589",0,76,4
"590",0,77,4
"591",0,78,4
"592",0,79,4
"593",0,80,4
"594",0,81,4
"595",0,82,4
"596",0,83,4
"597",0,84,4
"598",0,85,4
"599",0,86,4
"600",0,87,4
"601",0,88,4
"602",0,89,4
"603",0,90,4
"604",0,91,4
"605",0,92,4
"606",0,93,4
"607",0,94,4
"608",0,95,4
"609",0,96,4
"610",0,97,4
"611",0,98,4
"612",0,99,4
"613",0,100,4
"614",0,101,4
"615",0,102,4
"616",0,103,4
"617",0,104,4
"618",0,105,4
"619",0,106,4
"620",0,107,4
"621",0,108,4
"622",0,109,4
"623",0,110,4
"624",0,111,4
"625",0,112,4
"626",0,113,4
"627",0,114,4
"628",0,115,4
"629",0,116,4
"630",0,117,4
"631",0,118,4
"632",113,119,4
"633",113,120,4
"634",113,121,4
"635",113,122,4
"636",103,123,4
"637",113,124,4
"638",113,125,4
"639",113,126,4
"640",112,127,4
"641",109,128,4
"642",112,129,4
"643",112,130,4
"644",112,131,4
"645",108,132,4
"646",88,133,4
"647",23,134,4
"648",58,135,4
"649",48,136,4
"650",111,137,4
"651",101,138,4
"652",21,139,4
"653",21,140,4
"654",21,141,4
"655",21,142,4
"656",21,143,4
"657",21,144,4
"658",21,145,4
"659",0,146,4
"660",0,147,4
"661",0,148,4
"662",0,149,4
"663",0,150,4
"664",0,151,4
"665",0,152,4
"666",0,153,4
"667",0,154,4
"668",0,155,4
"669",0,156,4
"670",0,157,4
"671",0,158,4
"672",0,159,4
"673",0,160,4
"674",0,161,4
"675",0,162,4
"676",0,163,4
"677",0,164,4
"678",0,165,4
"679",0,166,4
"680",0,167,4
"681",0,168,4
"682",0,169,4
"683",0,170,4
"684",0,171,4
"685",39,1,5
"686",78,2,5
"687",92,3,5
"688",0,4,5
"689",99,5,5
"690",22,6,5
"691",97,7,5
"692",100,8,5
"693",30,9,5
"694",0,10,5
"695",0,11,5
"696",0,12,5
"697",0,13,5
"698",0,14,5
"699",0,15,5
"700",0,16,5
"701",0,17,5
"702",0,18,5
"703",0,19,5
"704",0,20,5
"705",0,21,5
"706",0,22,5
"707",0,23,5
"708",0,24,5
"709",0,25,5
"710",0,26,5
"711",0,27,5
"712",0,28,5
"713",0,29,5
"714",0,30,5
"715",0,31,5
"716",0,32,5
"717",0,33,5
"718",0,34,5
"719",0,35,5
"720",0,36,5
"721",0,37,5
"722",0,38,5
"723",0,39,5
"724",0,40,5
"725",0,41,5
"726",0,42,5
"727",0,43,5
"728",0,44,5
"729",0,45,5
"730",0,46,5
"731",0,47,5
"732",0,48,5
"733",0,49,5
"734",0,50,5
"735",0,51,5
"736",0,52,5
"737",0,53,5
"738",0,54,5
"739",0,55,5
"740",0,56,5
"741",0,57,5
"742",0,58,5
"743",0,59,5
"744",82,60,5
"745",90,61,5
"746",89,62,5
"747",66,63,5
"748",11,64,5
"749",81,65,5
"750",86,66,5
"751",48,67,5
"752",90,68,5
"753",121,69,5
"754",99,70,5
"755",75,71,5
"756",75,72,5
"757",95,73,5
"758",0,74,5
"759",0,75,5
"760",0,76,5
"761",0,77,5
"762",0,78,5
"763",0,79,5
"764",0,80,5
"765",0,81,5
"766",0,82,5
"767",0,83,5
"768",0,84,5
"769",0,85,5
"770",0,86,5
"771",0,87,5
"772",0,88,5
"773",0,89,5
"774",0,90,5
"775",0,91,5
"776",0,92,5
"777",0,93,5
"778",0,94,5
"779",0,95,5
"780",0,96,5
"781",0,97,5
"782",0,98,5
"783",0,99,5
"784",0,100,5
"785",0,101,5
"786",0,102,5
"787",0,103,5
"788",0,104,5
"789",0,105,5
"790",0,106,5
"791",0,107,5
"792",0,108,5
"793",0,109,5
"794",0,110,5
"795",0,111,5
"796",0,112,5
"797",0,113,5
"798",0,114,5
"799",0,115,5
"800",0,116,5
"801",0,117,5
"802",0,118,5
"803",121,119,5
"804",89,120,5
"805",52,121,5
"806",60,122,5
"807",121,123,5
"808",117,124,5
"809",84,125,5
"810",68,126,5
"811",83,127,5
"812",94,128,5
"813",72,129,5
"814",121,130,5
"815",100,131,5
"816",103,132,5
"817",78,133,5
"818",90,134,5
"819",52,135,5
"820",121,136,5
"821",83,137,5
"822",94,138,5
"823",86,139,5
"824",93,140,5
"825",53,141,5
"826",121,142,5
"827",89,143,5
"828",97,144,5
"829",121,145,5
"830",0,146,5
"831",0,147,5
"832",0,148,5
"833",0,149,5
"834",0,150,5
"835",0,151,5
"836",0,152,5
"837",0,153,5
"838",0,154,5
"839",0,155,5
"840",0,156,5
"841",0,157,5
"842",0,158,5
"843",0,159,5
"844",0,160,5
"845",0,161,5
"846",0,162,5
"847",0,163,5
"848",0,164,5
"849",0,165,5
"850",0,166,5
"851",0,167,5
"852",0,168,5
"853",0,169,5
"854",0,170,5
"855",0,171,5
"856",87,1,6
"857",126,2,6
"858",70,3,6
"859",0,4,6
"860",44,5,6
"861",40,6,6
"862",133,7,6
"863",99,8,6
"864",88,9,6
"865",0,10,6
"866",0,11,6
"867",0,12,6
"868",0,13,6
"869",0,14,6
"870",0,15,6
"871",0,16,6
"872",0,17,6
"873",0,18,6
"874",0,19,6
"875",0,20,6
"876",0,21,6
"877",0,22,6
"878",0,23,6
"879",0,24,6
"880",0,25,6
"881",0,26,6
"882",0,27,6
"883",0,28,6
"884",0,29,6
"885",0,30,6
"886",0,31,6
"887",0,32,6
"888",0,33,6
"889",0,34,6
"890",0,35,6
"891",0,36,6
"892",0,37,6
"893",0,38,6
"894",0,39,6
"895",0,40,6
"896",0,41,6
"897",0,42,6
"898",0,43,6
"899",0,44,6
"900",0,45,6
"901",0,46,6
"902",0,47,6
"903",0,48,6
"904",0,49,6
"905",0,50,6
"906",0,51,6
"907",0,52,6
"908",0,53,6
"909",0,54,6
"910",0,55,6
"911",0,56,6
"912",0,57,6
"913",0,58,6
"914",0,59,6
"915",145,60,6
"916",101,61,6
"917",145,62,6
"918",83,63,6
"919",96,64,6
"920",107,65,6
"921",101,66,6
"922",139,67,6
"923",145,68,6
"924",84,69,6
"925",117,70,6
"926",145,71,6
"927",145,72,6
"928",60,73,6
"929",0,74,6
"930",0,75,6
"931",0,76,6
"932",0,77,6
"933",0,78,6
"934",0,79,6
"935",0,80,6
"936",0,81,6
"937",0,82,6
"938",0,83,6
"939",0,84,6
"940",0,85,6
"941",0,86,6
"942",0,87,6
"943",0,88,6
"944",0,89,6
"945",0,90,6
"946",0,91,6
"947",0,92,6
"948",0,93,6
"949",0,94,6
"950",0,95,6
"951",0,96,6
"952",0,97,6
"953",0,98,6
"954",0,99,6
"955",0,100,6
"956",0,101,6
"957",0,102,6
"958",0,103,6
"959",0,104,6
"960",0,105,6
"961",0,106,6
"962",0,107,6
"963",0,108,6
"964",0,109,6
"965",0,110,6
"966",0,111,6
"967",0,112,6
"968",0,113,6
"969",0,114,6
"970",0,115,6
"971",0,116,6
"972",0,117,6
"973",0,118,6
"974",68,119,6
"975",125,120,6
"976",146,121,6
"977",86,122,6
"978",15,123,6
"979",72,124,6
"980",0,125,6
"981",146,126,6
"982",87,127,6
"983",0,128,6
"984",84,129,6
"985",100,130,6
"986",96,131,6
"987",65,132,6
"988",51,133,6
"989",51,134,6
"990",76,135,6
"991",71,136,6
"992",76,137,6
"993",0,138,6
"994",131,139,6
"995",147,140,6
"996",143,141,6
"997",147,142,6
"998",147,143,6
"999",136,144,6
"1000",147,145,6
"1001",0,146,6
"1002",0,147,6
"1003",0,148,6
"1004",0,149,6
"1005",0,150,6
"1006",0,151,6
"1007",0,152,6
"1008",0,153,6
"1009",0,154,6
"1010",0,155,6
"1011",0,156,6
"1012",0,157,6
"1013",0,158,6
"1014",0,159,6
"1015",0,160,6
"1016",0,161,6
"1017",0,162,6
"1018",0,163,6
"1019",0,164,6
"1020",0,165,6
"1021",0,166,6
"1022",0,167,6
"1023",0,168,6
"1024",0,169,6
"1025",0,170,6
"1026",0,171,6
"1027",0,1,7
"1028",0,2,7
"1029",0,3,7
"1030",0,4,7
"1031",0,5,7
"1032",0,6,7
"1033",0,7,7
"1034",0,8,7
"1035",0,9,7
"1036",0,10,7
"1037",0,11,7
"1038",0,12,7
"1039",0,13,7
"1040",0,14,7
"1041",0,15,7
"1042",0,16,7
"1043",0,17,7
"1044",0,18,7
"1045",0,19,7
"1046",0,20,7
"1047",0,21,7
"1048",0,22,7
"1049",0,23,7
"1050",0,24,7
"1051",0,25,7
"1052",0,26,7
"1053",0,27,7
"1054",0,28,7
"1055",0,29,7
"1056",0,30,7
"1057",0,31,7
"1058",0,32,7
"1059",0,33,7
"1060",0,34,7
"1061",0,35,7
"1062",0,36,7
"1063",0,37,7
"1064",0,38,7
"1065",0,39,7
"1066",0,40,7
"1067",0,41,7
"1068",0,42,7
"1069",0,43,7
"1070",0,44,7
"1071",0,45,7
"1072",0,46,7
"1073",0,47,7
"1074",0,48,7
"1075",0,49,7
"1076",0,50,7
"1077",0,51,7
"1078",0,52,7
"1079",0,53,7
"1080",0,54,7
"1081",0,55,7
"1082",0,56,7
"1083",0,57,7
"1084",0,58,7
"1085",0,59,7
"1086",0,60,7
"1087",0,61,7
"1088",0,62,7
"1089",0,63,7
"1090",0,64,7
"1091",0,65,7
"1092",0,66,7
"1093",0,67,7
"1094",0,68,7
"1095",0,69,7
"1096",0,70,7
"1097",0,71,7
"1098",0,72,7
"1099",0,73,7
"1100",0,74,7
"1101",0,75,7
"1102",0,76,7
"1103",0,77,7
"1104",0,78,7
"1105",0,79,7
"1106",0,80,7
"1107",0,81,7
"1108",0,82,7
"1109",0,83,7
"1110",0,84,7
"1111",0,85,7
"1112",0,86,7
"1113",0,87,7
"1114",0,88,7
"1115",0,89,7
"1116",0,90,7
"1117",0,91,7
"1118",0,92,7
"1119",0,93,7
"1120",0,94,7
"1121",0,95,7
"1122",0,96,7
"1123",0,97,7
"1124",0,98,7
"1125",0,99,7
"1126",0,100,7
"1127",0,101,7
"1128",0,102,7
"1129",0,103,7
"1130",0,104,7
"1131",0,105,7
"1132",0,106,7
"1133",0,107,7
"1134",0,108,7
"1135",0,109,7
"1136",0,110,7
"1137",0,111,7
"1138",0,112,7
"1139",0,113,7
"1140",0,114,7
"1141",0,115,7
"1142",0,116,7
"1143",0,117,7
"1144",0,118,7
"1145",0,119,7
"1146",0,120,7
"1147",0,121,7
"1148",0,122,7
"1149",0,123,7
"1150",0,124,7
"1151",0,125,7
"1152",0,126,7
"1153",0,127,7
"1154",0,128,7
"1155",0,129,7
"1156",0,130,7
"1157",0,131,7
"1158",0,132,7
"1159",0,133,7
"1160",0,134,7
"1161",0,135,7
"1162",0,136,7
"1163",0,137,7
"1164",0,138,7
"1165",0,139,7
"1166",0,140,7
"1167",0,141,7
"1168",0,142,7
"1169",0,143,7
"1170",0,144,7
"1171",0,145,7
"1172",0,146,7
"1173",0,147,7
"1174",0,148,7
"1175",0,149,7
"1176",0,150,7
"1177",0,151,7
"1178",0,152,7
"1179",0,153,7
"1180",0,154,7
"1181",0,155,7
"1182",0,156,7
"1183",0,157,7
"1184",0,158,7
"1185",0,159,7
"1186",0,160,7
"1187",0,161,7
"1188",0,162,7
"1189",0,163,7
"1190",0,164,7
"1191",0,165,7
"1192",0,166,7
"1193",0,167,7
"1194",0,168,7
"1195",0,169,7
"1196",0,170,7
"1197",0,171,7
"1198",0,1,8
"1199",0,2,8
"1200",0,3,8
"1201",0,4,8
"1202",0,5,8
"1203",0,6,8
"1204",0,7,8
"1205",0,8,8
"1206",0,9,8
"1207",0,10,8
"1208",0,11,8
"1209",0,12,8
"1210",0,13,8
"1211",0,14,8
"1212",0,15,8
"1213",0,16,8
"1214",0,17,8
"1215",0,18,8
"1216",0,19,8
"1217",0,20,8
"1218",0,21,8
"1219",0,22,8
"1220",0,23,8
"1221",0,24,8
"1222",0,25,8
"1223",0,26,8
"1224",0,27,8
"1225",0,28,8
"1226",0,29,8
"1227",0,30,8
"1228",0,31,8
"1229",0,32,8
"1230",0,33,8
"1231",0,34,8
"1232",0,35,8
"1233",0,36,8
"1234",0,37,8
"1235",0,38,8
"1236",0,39,8
"1237",0,40,8
"1238",0,41,8
"1239",0,42,8
"1240",0,43,8
"1241",0,44,8
"1242",0,45,8
"1243",0,46,8
"1244",0,47,8
"1245",0,48,8
"1246",0,49,8
"1247",0,50,8
"1248",0,51,8
"1249",0,52,8
"1250",0,53,8
"1251",0,54,8
"1252",0,55,8
"1253",0,56,8
"1254",0,57,8
"1255",0,58,8
"1256",0,59,8
"1257",0,60,8
"1258",0,61,8
"1259",0,62,8
"1260",0,63,8
"1261",0,64,8
"1262",0,65,8
"1263",0,66,8
"1264",0,67,8
"1265",0,68,8
"1266",0,69,8
"1267",0,70,8
"1268",0,71,8
"1269",0,72,8
"1270",0,73,8
"1271",0,74,8
"1272",0,75,8
"1273",0,76,8
"1274",0,77,8
"1275",0,78,8
"1276",0,79,8
"1277",0,80,8
"1278",0,81,8
"1279",0,82,8
"1280",0,83,8
"1281",0,84,8
"1282",0,85,8
"1283",0,86,8
"1284",0,87,8
"1285",0,88,8
"1286",0,89,8
"1287",0,90,8
"1288",0,91,8
"1289",0,92,8
"1290",0,93,8
"1291",0,94,8
"1292",0,95,8
"1293",0,96,8
"1294",0,97,8
"1295",0,98,8
"1296",0,99,8
"1297",0,100,8
"1298",0,101,8
"1299",0,102,8
"1300",0,103,8
"1301",0,104,8
"1302",0,105,8
"1303",0,106,8
"1304",0,107,8
"1305",0,108,8
"1306",0,109,8
"1307",0,110,8
"1308",0,111,8
"1309",0,112,8
"1310",0,113,8
"1311",0,114,8
"1312",0,115,8
"1313",0,116,8
"1314",0,117,8
"1315",0,118,8
"1316",0,119,8
"1317",0,120,8
"1318",0,121,8
"1319",0,122,8
"1320",0,123,8
"1321",0,124,8
"1322",0,125,8
"1323",0,126,8
"1324",0,127,8
"1325",0,128,8
"1326",0,129,8
"1327",0,130,8
"1328",0,131,8
"1329",0,132,8
"1330",0,133,8
"1331",0,134,8
"1332",0,135,8
"1333",0,136,8
"1334",0,137,8
"1335",0,138,8
"1336",0,139,8
"1337",0,140,8
"1338",0,141,8
"1339",0,142,8
"1340",0,143,8
"1341",0,144,8
"1342",0,145,8
"1343",0,146,8
"1344",0,147,8
"1345",0,148,8
"1346",0,149,8
"1347",0,150,8
"1348",0,151,8
"1349",0,152,8
"1350",0,153,8
"1351",0,154,8
"1352",0,155,8
"1353",0,156,8
"1354",0,157,8
"1355",0,158,8
"1356",0,159,8
"1357",0,160,8
"1358",0,161,8
"1359",0,162,8
"1360",0,163,8
"1361",0,164,8
"1362",0,165,8
"1363",0,166,8
"1364",0,167,8
"1365",0,168,8
"1366",0,169,8
"1367",0,170,8
"1368",0,171,8
"1369",0,1,9
"1370",0,2,9
"1371",0,3,9
"1372",0,4,9
"1373",0,5,9
"1374",0,6,9
"1375",0,7,9
"1376",0,8,9
"1377",0,9,9
"1378",0,10,9
"1379",0,11,9
"1380",0,12,9
"1381",0,13,9
"1382",0,14,9
"1383",0,15,9
"1384",0,16,9
"1385",0,17,9
"1386",0,18,9
"1387",0,19,9
"1388",0,20,9
"1389",0,21,9
"1390",0,22,9
"1391",0,23,9
"1392",0,24,9
"1393",0,25,9
"1394",0,26,9
"1395",0,27,9
"1396",0,28,9
"1397",0,29,9
"1398",0,30,9
"1399",0,31,9
"1400",0,32,9
"1401",0,33,9
"1402",0,34,9
"1403",0,35,9
"1404",0,36,9
"1405",0,37,9
"1406",0,38,9
"1407",0,39,9
"1408",0,40,9
"1409",0,41,9
"1410",0,42,9
"1411",0,43,9
"1412",0,44,9
"1413",0,45,9
"1414",0,46,9
"1415",0,47,9
"1416",0,48,9
"1417",0,49,9
"1418",0,50,9
"1419",0,51,9
"1420",0,52,9
"1421",0,53,9
"1422",0,54,9
"1423",0,55,9
"1424",0,56,9
"1425",0,57,9
"1426",0,58,9
"1427",0,59,9
"1428",0,60,9
"1429",0,61,9
"1430",0,62,9
"1431",0,63,9
"1432",0,64,9
"1433",0,65,9
"1434",0,66,9
"1435",0,67,9
"1436",0,68,9
"1437",0,69,9
"1438",0,70,9
"1439",0,71,9
"1440",0,72,9
"1441",0,73,9
"1442",0,74,9
"1443",0,75,9
"1444",0,76,9
"1445",0,77,9
"1446",0,78,9
"1447",0,79,9
"1448",0,80,9
"1449",0,81,9
"1450",0,82,9
"1451",0,83,9
"1452",0,84,9
"1453",0,85,9
"1454",0,86,9
"1455",0,87,9
"1456",0,88,9
"1457",0,89,9
"1458",0,90,9
"1459",0,91,9
"1460",0,92,9
"1461",0,93,9
"1462",0,94,9
"1463",0,95,9
"1464",0,96,9
"1465",0,97,9
"1466",0,98,9
"1467",0,99,9
"1468",0,100,9
"1469",0,101,9
"1470",0,102,9
"1471",0,103,9
"1472",0,104,9
"1473",0,105,9
"1474",0,106,9
"1475",0,107,9
"1476",0,108,9
"1477",0,109,9
"1478",0,110,9
"1479",0,111,9
"1480",0,112,9
"1481",0,113,9
"1482",0,114,9
"1483",0,115,9
"1484",0,116,9
"1485",0,117,9
"1486",0,118,9
"1487",0,119,9
"1488",0,120,9
"1489",0,121,9
"1490",0,122,9
"1491",0,123,9
"1492",0,124,9
"1493",0,125,9
"1494",0,126,9
"1495",0,127,9
"1496",0,128,9
"1497",0,129,9
"1498",0,130,9
"1499",0,131,9
"1500",0,132,9
"1501",0,133,9
"1502",0,134,9
"1503",0,135,9
"1504",0,136,9
"1505",0,137,9
"1506",0,138,9
"1507",0,139,9
"1508",0,140,9
"1509",0,141,9
"1510",0,142,9
"1511",0,143,9
"1512",0,144,9
"1513",0,145,9
"1514",0,146,9
"1515",0,147,9
"1516",0,148,9
"1517",0,149,9
"1518",0,150,9
"1519",0,151,9
"1520",0,152,9
"1521",0,153,9
"1522",0,154,9
"1523",0,155,9
"1524",0,156,9
"1525",0,157,9
"1526",0,158,9
"1527",0,159,9
"1528",0,160,9
"1529",0,161,9
"1530",0,162,9
"1531",0,163,9
"1532",0,164,9
"1533",0,165,9
"1534",0,166,9
"1535",0,167,9
"1536",0,168,9
"1537",0,169,9
"1538",0,170,9
"1539",0,171,9
"1540",0,1,10
"1541",0,2,10
"1542",0,3,10
"1543",0,4,10
"1544",0,5,10
"1545",0,6,10
"1546",0,7,10
"1547",0,8,10
"1548",0,9,10
"1549",0,10,10
"1550",0,11,10
"1551",0,12,10
"1552",0,13,10
"1553",0,14,10
"1554",0,15,10
"1555",0,16,10
"1556",0,17,10
"1557",0,18,10
"1558",0,19,10
"1559",0,20,10
"1560",0,21,10
"1561",0,22,10
"1562",0,23,10
"1563",0,24,10
"1564",0,25,10
"1565",0,26,10
"1566",0,27,10
"1567",0,28,10
"1568",0,29,10
"1569",0,30,10
"1570",0,31,10
"1571",0,32,10
"1572",0,33,10
"1573",0,34,10
"1574",0,35,10
"1575",0,36,10
"1576",0,37,10
"1577",0,38,10
"1578",0,39,10
"1579",0,40,10
"1580",0,41,10
"1581",0,42,10
"1582",0,43,10
"1583",0,44,10
"1584",0,45,10
"1585",0,46,10
"1586",0,47,10
"1587",0,48,10
"1588",0,49,10
"1589",0,50,10
"1590",0,51,10
"1591",0,52,10
"1592",0,53,10
"1593",0,54,10
"1594",0,55,10
"1595",0,56,10
"1596",0,57,10
"1597",0,58,10
"1598",0,59,10
"1599",0,60,10
"1600",0,61,10
"1601",0,62,10
"1602",0,63,10
"1603",0,64,10
"1604",0,65,10
"1605",0,66,10
"1606",0,67,10
"1607",0,68,10
"1608",0,69,10
"1609",0,70,10
"1610",0,71,10
"1611",0,72,10
"1612",0,73,10
"1613",0,74,10
"1614",0,75,10
"1615",0,76,10
"1616",0,77,10
"1617",0,78,10
"1618",0,79,10
"1619",0,80,10
"1620",0,81,10
"1621",0,82,10
"1622",0,83,10
"1623",0,84,10
"1624",0,85,10
"1625",0,86,10
"1626",0,87,10
"1627",0,88,10
"1628",0,89,10
"1629",0,90,10
"1630",0,91,10
"1631",0,92,10
"1632",0,93,10
"1633",0,94,10
"1634",0,95,10
"1635",0,96,10
"1636",0,97,10
"1637",0,98,10
"1638",0,99,10
"1639",0,100,10
"1640",0,101,10
"1641",0,102,10
"1642",0,103,10
"1643",0,104,10
"1644",0,105,10
"1645",0,106,10
"1646",0,107,10
"1647",0,108,10
"1648",0,109,10
"1649",0,110,10
"1650",0,111,10
"1651",0,112,10
"1652",0,113,10
"1653",0,114,10
"1654",0,115,10
"1655",0,116,10
"1656",0,117,10
"1657",0,118,10
"1658",0,119,10
"1659",0,120,10
"1660",0,121,10
"1661",0,122,10
"1662",0,123,10
"1663",0,124,10
"1664",0,125,10
"1665",0,126,10
"1666",0,127,10
"1667",0,128,10
"1668",0,129,10
"1669",0,130,10
"1670",0,131,10
"1671",0,132,10
"1672",0,133,10
"1673",0,134,10
"1674",0,135,10
"1675",0,136,10
"1676",0,137,10
"1677",0,138,10
"1678",0,139,10
"1679",0,140,10
"1680",0,141,10
"1681",0,142,10
"1682",0,143,10
"1683",0,144,10
"1684",0,145,10
"1685",0,146,10
"1686",0,147,10
"1687",0,148,10
"1688",0,149,10
"1689",0,150,10
"1690",0,151,10
"1691",0,152,10
"1692",0,153,10
"1693",0,154,10
"1694",0,155,10
"1695",0,156,10
"1696",0,157,10
"1697",0,158,10
"1698",0,159,10
"1699",0,160,10
"1700",0,161,10
"1701",0,162,10
"1702",0,163,10
"1703",0,164,10
"1704",0,165,10
"1705",0,166,10
"1706",0,167,10
"1707",0,168,10
"1708",0,169,10
"1709",0,170,10
"1710",0,171,10
"1711",0,1,11
"1712",0,2,11
"1713",0,3,11
"1714",0,4,11
"1715",0,5,11
"1716",0,6,11
"1717",0,7,11
"1718",0,8,11
"1719",0,9,11
"1720",0,10,11
"1721",0,11,11
"1722",0,12,11
"1723",0,13,11
"1724",0,14,11
"1725",0,15,11
"1726",0,16,11
"1727",0,17,11
"1728",0,18,11
"1729",0,19,11
"1730",0,20,11
"1731",0,21,11
"1732",0,22,11
"1733",0,23,11
"1734",0,24,11
"1735",0,25,11
"1736",0,26,11
"1737",0,27,11
"1738",0,28,11
"1739",0,29,11
"1740",0,30,11
"1741",0,31,11
"1742",0,32,11
"1743",0,33,11
"1744",0,34,11
"1745",0,35,11
"1746",0,36,11
"1747",0,37,11
"1748",0,38,11
"1749",0,39,11
"1750",0,40,11
"1751",0,41,11
"1752",0,42,11
"1753",0,43,11
"1754",0,44,11
"1755",0,45,11
"1756",0,46,11
"1757",0,47,11
"1758",0,48,11
"1759",0,49,11
"1760",0,50,11
"1761",0,51,11
"1762",0,52,11
"1763",0,53,11
"1764",0,54,11
"1765",0,55,11
"1766",0,56,11
"1767",0,57,11
"1768",0,58,11
"1769",0,59,11
"1770",0,60,11
"1771",0,61,11
"1772",0,62,11
"1773",0,63,11
"1774",0,64,11
"1775",0,65,11
"1776",0,66,11
"1777",0,67,11
"1778",0,68,11
"1779",0,69,11
"1780",0,70,11
"1781",0,71,11
"1782",0,72,11
"1783",0,73,11
"1784",0,74,11
"1785",0,75,11
"1786",0,76,11
"1787",0,77,11
"1788",0,78,11
"1789",0,79,11
"1790",0,80,11
"1791",0,81,11
"1792",0,82,11
"1793",0,83,11
"1794",0,84,11
"1795",0,85,11
"1796",0,86,11
"1797",0,87,11
"1798",0,88,11
"1799",0,89,11
"1800",0,90,11
"1801",0,91,11
"1802",0,92,11
"1803",0,93,11
"1804",0,94,11
"1805",0,95,11
"1806",0,96,11
"1807",0,97,11
"1808",0,98,11
"1809",0,99,11
"1810",0,100,11
"1811",0,101,11
"1812",0,102,11
"1813",0,103,11
"1814",0,104,11
"1815",0,105,11
"1816",0,106,11
"1817",0,107,11
"1818",0,108,11
"1819",0,109,11
"1820",0,110,11
"1821",0,111,11
"1822",0,112,11
"1823",0,113,11
"1824",0,114,11
"1825",0,115,11
"1826",0,116,11
"1827",0,117,11
"1828",0,118,11
"1829",0,119,11
"1830",0,120,11
"1831",0,121,11
"1832",0,122,11
"1833",0,123,11
"1834",0,124,11
"1835",0,125,11
"1836",0,126,11
"1837",0,127,11
"1838",0,128,11
"1839",0,129,11
"1840",0,130,11
"1841",0,131,11
"1842",0,132,11
"1843",0,133,11
"1844",0,134,11
"1845",0,135,11
"1846",0,136,11
"1847",0,137,11
"1848",0,138,11
"1849",0,139,11
"1850",0,140,11
"1851",0,141,11
"1852",0,142,11
"1853",0,143,11
"1854",0,144,11
"1855",0,145,11
"1856",0,146,11
"1857",0,147,11
"1858",0,148,11
"1859",0,149,11
"1860",0,150,11
"1861",0,151,11
"1862",0,152,11
"1863",0,153,11
"1864",0,154,11
"1865",0,155,11
"1866",0,156,11
"1867",0,157,11
"1868",0,158,11
"1869",0,159,11
"1870",0,160,11
"1871",0,161,11
"1872",0,162,11
"1873",0,163,11
"1874",0,164,11
"1875",0,165,11
"1876",0,166,11
"1877",0,167,11
"1878",0,168,11
"1879",0,169,11
"1880",0,170,11
"1881",0,171,11
"1882",0,1,12
"1883",0,2,12
"1884",0,3,12
"1885",0,4,12
"1886",0,5,12
"1887",0,6,12
"1888",0,7,12
"1889",0,8,12
"1890",0,9,12
"1891",0,10,12
"1892",0,11,12
"1893",0,12,12
"1894",0,13,12
"1895",0,14,12
"1896",0,15,12
"1897",0,16,12
"1898",0,17,12
"1899",0,18,12
"1900",0,19,12
"1901",0,20,12
"1902",0,21,12
"1903",0,22,12
"1904",0,23,12
"1905",0,24,12
"1906",0,25,12
"1907",0,26,12
"1908",0,27,12
"1909",0,28,12
"1910",0,29,12
"1911",0,30,12
"1912",0,31,12
"1913",0,32,12
"1914",0,33,12
"1915",0,34,12
"1916",0,35,12
"1917",0,36,12
"1918",0,37,12
"1919",0,38,12
"1920",0,39,12
"1921",0,40,12
"1922",0,41,12
"1923",0,42,12
"1924",0,43,12
"1925",0,44,12
"1926",0,45,12
"1927",0,46,12
"1928",0,47,12
"1929",0,48,12
"1930",0,49,12
"1931",0,50,12
"1932",0,51,12
"1933",0,52,12
"1934",0,53,12
"1935",0,54,12
"1936",0,55,12
"1937",0,56,12
"1938",0,57,12
"1939",0,58,12
"1940",0,59,12
"1941",0,60,12
"1942",0,61,12
"1943",0,62,12
"1944",0,63,12
"1945",0,64,12
"1946",0,65,12
"1947",0,66,12
"1948",0,67,12
"1949",0,68,12
"1950",0,69,12
"1951",0,70,12
"1952",0,71,12
"1953",0,72,12
"1954",0,73,12
"1955",0,74,12
"1956",0,75,12
"1957",0,76,12
"1958",0,77,12
"1959",0,78,12
"1960",0,79,12
"1961",0,80,12
"1962",0,81,12
"1963",0,82,12
"1964",0,83,12
"1965",0,84,12
"1966",0,85,12
"1967",0,86,12
"1968",0,87,12
"1969",0,88,12
"1970",0,89,12
"1971",0,90,12
"1972",0,91,12
"1973",0,92,12
"1974",0,93,12
"1975",0,94,12
"1976",0,95,12
"1977",0,96,12
"1978",0,97,12
"1979",0,98,12
"1980",0,99,12
"1981",0,100,12
"1982",0,101,12
"1983",0,102,12
"1984",0,103,12
"1985",0,104,12
"1986",0,105,12
"1987",0,106,12
"1988",0,107,12
"1989",0,108,12
"1990",0,109,12
"1991",0,110,12
"1992",0,111,12
"1993",0,112,12
"1994",0,113,12
"1995",0,114,12
"1996",0,115,12
"1997",0,116,12
"1998",0,117,12
"1999",0,118,12
"2000",0,119,12
"2001",0,120,12
"2002",0,121,12
"2003",0,122,12
"2004",0,123,12
"2005",0,124,12
"2006",0,125,12
"2007",0,126,12
"2008",0,127,12
"2009",0,128,12
"2010",0,129,12
"2011",0,130,12
"2012",0,131,12
"2013",0,132,12
"2014",0,133,12
"2015",0,134,12
"2016",0,135,12
"2017",0,136,12
"2018",0,137,12
"2019",0,138,12
"2020",0,139,12
"2021",0,140,12
"2022",0,141,12
"2023",0,142,12
"2024",0,143,12
"2025",0,144,12
"2026",0,145,12
"2027",0,146,12
"2028",0,147,12
"2029",0,148,12
"2030",0,149,12
"2031",0,150,12
"2032",0,151,12
"2033",0,152,12
"2034",0,153,12
"2035",0,154,12
"2036",0,155,12
"2037",0,156,12
"2038",0,157,12
"2039",0,158,12
"2040",0,159,12
"2041",0,160,12
"2042",0,161,12
"2043",0,162,12
"2044",0,163,12
"2045",0,164,12
"2046",0,165,12
"2047",0,166,12
"2048",0,167,12
"2049",0,168,12
"2050",0,169,12
"2051",0,170,12
"2052",0,171,12
"2053",0,1,13
"2054",0,2,13
"2055",0,3,13
"2056",0,4,13
"2057",0,5,13
"2058",0,6,13
"2059",0,7,13
"2060",0,8,13
"2061",0,9,13
"2062",0,10,13
"2063",0,11,13
"2064",0,12,13
"2065",0,13,13
"2066",0,14,13
"2067",0,15,13
"2068",0,16,13
"2069",0,17,13
"2070",0,18,13
"2071",0,19,13
"2072",0,20,13
"2073",0,21,13
"2074",0,22,13
"2075",0,23,13
"2076",0,24,13
"2077",0,25,13
"2078",0,26,13
"2079",0,27,13
"2080",0,28,13
"2081",0,29,13
"2082",0,30,13
"2083",0,31,13
"2084",0,32,13
"2085",0,33,13
"2086",0,34,13
"2087",0,35,13
"2088",0,36,13
"2089",0,37,13
"2090",0,38,13
"2091",0,39,13
"2092",0,40,13
"2093",0,41,13
"2094",0,42,13
"2095",0,43,13
"2096",0,44,13
"2097",0,45,13
"2098",0,46,13
"2099",0,47,13
"2100",0,48,13
"2101",0,49,13
"2102",0,50,13
"2103",0,51,13
"2104",0,52,13
"2105",0,53,13
"2106",0,54,13
"2107",0,55,13
"2108",0,56,13
"2109",0,57,13
"2110",0,58,13
"2111",0,59,13
"2112",0,60,13
"2113",0,61,13
"2114",0,62,13
"2115",0,63,13
"2116",0,64,13
"2117",0,65,13
"2118",0,66,13
"2119",0,67,13
"2120",0,68,13
"2121",0,69,13
"2122",0,70,13
"2123",0,71,13
"2124",0,72,13
"2125",0,73,13
"2126",0,74,13
"2127",0,75,13
"2128",0,76,13
"2129",0,77,13
"2130",0,78,13
"2131",0,79,13
"2132",0,80,13
"2133",0,81,13
"2134",0,82,13
"2135",0,83,13
"2136",0,84,13
"2137",0,85,13
"2138",0,86,13
"2139",0,87,13
"2140",0,88,13
"2141",0,89,13
"2142",0,90,13
"2143",0,91,13
"2144",0,92,13
"2145",0,93,13
"2146",0,94,13
"2147",0,95,13
"2148",0,96,13
"2149",0,97,13
"2150",0,98,13
"2151",0,99,13
"2152",0,100,13
"2153",0,101,13
"2154",0,102,13
"2155",0,103,13
"2156",0,104,13
"2157",0,105,13
"2158",0,106,13
"2159",0,107,13
"2160",0,108,13
"2161",0,109,13
"2162",0,110,13
"2163",0,111,13
"2164",0,112,13
"2165",0,113,13
"2166",0,114,13
"2167",0,115,13
"2168",0,116,13
"2169",0,117,13
"2170",0,118,13
"2171",0,119,13
"2172",0,120,13
"2173",0,121,13
"2174",0,122,13
"2175",0,123,13
"2176",0,124,13
"2177",0,125,13
"2178",0,126,13
"2179",0,127,13
"2180",0,128,13
"2181",0,129,13
"2182",0,130,13
"2183",0,131,13
"2184",0,132,13
"2185",0,133,13
"2186",0,134,13
"2187",0,135,13
"2188",0,136,13
"2189",0,137,13
"2190",0,138,13
"2191",0,139,13
"2192",0,140,13
"2193",0,141,13
"2194",0,142,13
"2195",0,143,13
"2196",0,144,13
"2197",0,145,13
"2198",0,146,13
"2199",0,147,13
"2200",0,148,13
"2201",0,149,13
"2202",0,150,13
"2203",0,151,13
"2204",0,152,13
"2205",0,153,13
"2206",0,154,13
"2207",0,155,13
"2208",0,156,13
"2209",0,157,13
"2210",0,158,13
"2211",0,159,13
"2212",0,160,13
"2213",0,161,13
"2214",0,162,13
"2215",0,163,13
"2216",0,164,13
"2217",0,165,13
"2218",0,166,13
"2219",0,167,13
"2220",0,168,13
"2221",0,169,13
"2222",0,170,13
"2223",0,171,13
"2224",0,1,14
"2225",0,2,14
"2226",0,3,14
"2227",0,4,14
"2228",0,5,14
"2229",0,6,14
"2230",0,7,14
"2231",0,8,14
"2232",0,9,14
"2233",0,10,14
"2234",0,11,14
"2235",0,12,14
"2236",0,13,14
"2237",0,14,14
"2238",0,15,14
"2239",0,16,14
"2240",0,17,14
"2241",0,18,14
"2242",0,19,14
"2243",0,20,14
"2244",0,21,14
"2245",0,22,14
"2246",0,23,14
"2247",0,24,14
"2248",0,25,14
"2249",0,26,14
"2250",0,27,14
"2251",0,28,14
"2252",0,29,14
"2253",0,30,14
"2254",0,31,14
"2255",0,32,14
"2256",0,33,14
"2257",0,34,14
"2258",0,35,14
"2259",0,36,14
"2260",0,37,14
"2261",0,38,14
"2262",0,39,14
"2263",0,40,14
"2264",0,41,14
"2265",0,42,14
"2266",0,43,14
"2267",0,44,14
"2268",0,45,14
"2269",0,46,14
"2270",0,47,14
"2271",0,48,14
"2272",0,49,14
"2273",0,50,14
"2274",0,51,14
"2275",0,52,14
"2276",0,53,14
"2277",0,54,14
"2278",0,55,14
"2279",0,56,14
"2280",0,57,14
"2281",0,58,14
"2282",0,59,14
"2283",0,60,14
"2284",0,61,14
"2285",0,62,14
"2286",0,63,14
"2287",0,64,14
"2288",0,65,14
"2289",0,66,14
"2290",0,67,14
"2291",0,68,14
"2292",0,69,14
"2293",0,70,14
"2294",0,71,14
"2295",0,72,14
"2296",0,73,14
"2297",113,74,14
"2298",162,75,14
"2299",151,76,14
"2300",105,77,14
"2301",159,78,14
"2302",162,79,14
"2303",139,80,14
"2304",160,81,14
"2305",161,82,14
"2306",157,83,14
"2307",129,84,14
"2308",60,85,14
"2309",34,86,14
"2310",0,87,14
"2311",0,88,14
"2312",0,89,14
"2313",0,90,14
"2314",0,91,14
"2315",0,92,14
"2316",0,93,14
"2317",0,94,14
"2318",0,95,14
"2319",0,96,14
"2320",0,97,14
"2321",0,98,14
"2322",0,99,14
"2323",71,100,14
"2324",71,101,14
"2325",71,102,14
"2326",71,103,14
"2327",71,104,14
"2328",70,105,14
"2329",70,106,14
"2330",70,107,14
"2331",70,108,14
"2332",70,109,14
"2333",37,110,14
"2334",0,111,14
"2335",69,112,14
"2336",0,113,14
"2337",0,114,14
"2338",0,115,14
"2339",0,116,14
"2340",0,117,14
"2341",0,118,14
"2342",0,119,14
"2343",0,120,14
"2344",0,121,14
"2345",0,122,14
"2346",0,123,14
"2347",0,124,14
"2348",0,125,14
"2349",0,126,14
"2350",0,127,14
"2351",0,128,14
"2352",0,129,14
"2353",0,130,14
"2354",0,131,14
"2355",0,132,14
"2356",0,133,14
"2357",0,134,14
"2358",0,135,14
"2359",0,136,14
"2360",0,137,14
"2361",0,138,14
"2362",0,139,14
"2363",0,140,14
"2364",0,141,14
"2365",0,142,14
"2366",0,143,14
"2367",0,144,14
"2368",0,145,14
"2369",168,146,14
"2370",176,147,14
"2371",153,148,14
"2372",167,149,14
"2373",167,150,14
"2374",162,151,14
"2375",130,152,14
"2376",167,153,14
"2377",167,154,14
"2378",166,155,14
"2379",73,156,14
"2380",87,157,14
"2381",0,158,14
"2382",0,159,14
"2383",0,160,14
"2384",0,161,14
"2385",0,162,14
"2386",0,163,14
"2387",0,164,14
"2388",0,165,14
"2389",0,166,14
"2390",0,167,14
"2391",0,168,14
"2392",0,169,14
"2393",0,170,14
"2394",0,171,14
"2395",0,1,15
"2396",0,2,15
"2397",0,3,15
"2398",0,4,15
"2399",0,5,15
"2400",0,6,15
"2401",0,7,15
"2402",0,8,15
"2403",0,9,15
"2404",0,10,15
"2405",0,11,15
"2406",0,12,15
"2407",0,13,15
"2408",0,14,15
"2409",0,15,15
"2410",0,16,15
"2411",0,17,15
"2412",0,18,15
"2413",0,19,15
"2414",0,20,15
"2415",0,21,15
"2416",0,22,15
"2417",0,23,15
"2418",0,24,15
"2419",0,25,15
"2420",0,26,15
"2421",0,27,15
"2422",0,28,15
"2423",0,29,15
"2424",0,30,15
"2425",0,31,15
"2426",0,32,15
"2427",0,33,15
"2428",0,34,15
"2429",0,35,15
"2430",0,36,15
"2431",0,37,15
"2432",0,38,15
"2433",0,39,15
"2434",0,40,15
"2435",0,41,15
"2436",0,42,15
"2437",0,43,15
"2438",0,44,15
"2439",0,45,15
"2440",0,46,15
"2441",0,47,15
"2442",0,48,15
"2443",0,49,15
"2444",0,50,15
"2445",0,51,15
"2446",0,52,15
"2447",0,53,15
"2448",0,54,15
"2449",0,55,15
"2450",0,56,15
"2451",0,57,15
"2452",0,58,15
"2453",0,59,15
"2454",0,60,15
"2455",0,61,15
"2456",0,62,15
"2457",0,63,15
"2458",0,64,15
"2459",0,65,15
"2460",0,66,15
"2461",0,67,15
"2462",0,68,15
"2463",0,69,15
"2464",0,70,15
"2465",0,71,15
"2466",0,72,15
"2467",0,73,15
"2468",121,74,15
"2469",28,75,15
"2470",64,76,15
"2471",49,77,15
"2472",90,78,15
"2473",115,79,15
"2474",0,80,15
"2475",114,81,15
"2476",117,82,15
"2477",27,83,15
"2478",121,84,15
"2479",0,85,15
"2480",121,86,15
"2481",69,87,15
"2482",80,88,15
"2483",101,89,15
"2484",104,90,15
"2485",51,91,15
"2486",96,92,15
"2487",121,93,15
"2488",0,94,15
"2489",59,95,15
"2490",121,96,15
"2491",110,97,15
"2492",86,98,15
"2493",0,99,15
"2494",9,100,15
"2495",68,101,15
"2496",16,102,15
"2497",24,103,15
"2498",25,104,15
"2499",121,105,15
"2500",121,106,15
"2501",121,107,15
"2502",0,108,15
"2503",121,109,15
"2504",11,110,15
"2505",121,111,15
"2506",11,112,15
"2507",55,113,15
"2508",20,114,15
"2509",70,115,15
"2510",90,116,15
"2511",43,117,15
"2512",106,118,15
"2513",0,119,15
"2514",0,120,15
"2515",0,121,15
"2516",0,122,15
"2517",0,123,15
"2518",0,124,15
"2519",0,125,15
"2520",0,126,15
"2521",0,127,15
"2522",0,128,15
"2523",0,129,15
"2524",0,130,15
"2525",0,131,15
"2526",0,132,15
"2527",0,133,15
"2528",0,134,15
"2529",0,135,15
"2530",0,136,15
"2531",0,137,15
"2532",0,138,15
"2533",0,139,15
"2534",0,140,15
"2535",0,141,15
"2536",0,142,15
"2537",0,143,15
"2538",0,144,15
"2539",0,145,15
"2540",67,146,15
"2541",26,147,15
"2542",121,148,15
"2543",106,149,15
"2544",48,150,15
"2545",0,151,15
"2546",0,152,15
"2547",9,153,15
"2548",22,154,15
"2549",121,155,15
"2550",31,156,15
"2551",121,157,15
"2552",0,158,15
"2553",0,159,15
"2554",0,160,15
"2555",0,161,15
"2556",0,162,15
"2557",0,163,15
"2558",0,164,15
"2559",0,165,15
"2560",0,166,15
"2561",0,167,15
"2562",0,168,15
"2563",0,169,15
"2564",0,170,15
"2565",0,171,15
"2566",0,1,16
"2567",0,2,16
"2568",0,3,16
"2569",0,4,16
"2570",0,5,16
"2571",0,6,16
"2572",0,7,16
"2573",0,8,16
"2574",0,9,16
"2575",0,10,16
"2576",0,11,16
"2577",0,12,16
"2578",0,13,16
"2579",0,14,16
"2580",0,15,16
"2581",0,16,16
"2582",0,17,16
"2583",0,18,16
"2584",0,19,16
"2585",0,20,16
"2586",0,21,16
"2587",0,22,16
"2588",0,23,16
"2589",0,24,16
"2590",0,25,16
"2591",0,26,16
"2592",0,27,16
"2593",0,28,16
"2594",0,29,16
"2595",0,30,16
"2596",0,31,16
"2597",0,32,16
"2598",0,33,16
"2599",0,34,16
"2600",0,35,16
"2601",0,36,16
"2602",0,37,16
"2603",0,38,16
"2604",0,39,16
"2605",0,40,16
"2606",0,41,16
"2607",0,42,16
"2608",0,43,16
"2609",0,44,16
"2610",0,45,16
"2611",0,46,16
"2612",0,47,16
"2613",0,48,16
"2614",0,49,16
"2615",0,50,16
"2616",0,51,16
"2617",0,52,16
"2618",0,53,16
"2619",0,54,16
"2620",0,55,16
"2621",0,56,16
"2622",0,57,16
"2623",0,58,16
"2624",0,59,16
"2625",0,60,16
"2626",0,61,16
"2627",0,62,16
"2628",0,63,16
"2629",0,64,16
"2630",0,65,16
"2631",0,66,16
"2632",0,67,16
"2633",0,68,16
"2634",0,69,16
"2635",0,70,16
"2636",0,71,16
"2637",0,72,16
"2638",0,73,16
"2639",78,74,16
"2640",184,75,16
"2641",174,76,16
"2642",116,77,16
"2643",0,78,16
"2644",65,79,16
"2645",97,80,16
"2646",76,81,16
"2647",175,82,16
"2648",56,83,16
"2649",78,84,16
"2650",0,85,16
"2651",184,86,16
"2652",184,87,16
"2653",184,88,16
"2654",184,89,16
"2655",184,90,16
"2656",128,91,16
"2657",141,92,16
"2658",159,93,16
"2659",168,94,16
"2660",184,95,16
"2661",73,96,16
"2662",122,97,16
"2663",184,98,16
"2664",7,99,16
"2665",176,100,16
"2666",128,101,16
"2667",183,102,16
"2668",182,103,16
"2669",9,104,16
"2670",184,105,16
"2671",184,106,16
"2672",184,107,16
"2673",182,108,16
"2674",184,109,16
"2675",182,110,16
"2676",184,111,16
"2677",99,112,16
"2678",98,113,16
"2679",178,114,16
"2680",0,115,16
"2681",183,116,16
"2682",98,117,16
"2683",184,118,16
"2684",0,119,16
"2685",0,120,16
"2686",0,121,16
"2687",0,122,16
"2688",0,123,16
"2689",0,124,16
"2690",0,125,16
"2691",0,126,16
"2692",0,127,16
"2693",0,128,16
"2694",0,129,16
"2695",0,130,16
"2696",0,131,16
"2697",0,132,16
"2698",0,133,16
"2699",0,134,16
"2700",0,135,16
"2701",0,136,16
"2702",0,137,16
"2703",0,138,16
"2704",0,139,16
"2705",0,140,16
"2706",0,141,16
"2707",0,142,16
"2708",0,143,16
"2709",0,144,16
"2710",0,145,16
"2711",107,146,16
"2712",176,147,16
"2713",184,148,16
"2714",143,149,16
"2715",176,150,16
"2716",175,151,16
"2717",175,152,16
"2718",175,153,16
"2719",176,154,16
"2720",149,155,16
"2721",176,156,16
"2722",184,157,16
"2723",0,158,16
"2724",0,159,16
"2725",0,160,16
"2726",0,161,16
"2727",0,162,16
"2728",0,163,16
"2729",0,164,16
"2730",0,165,16
"2731",0,166,16
"2732",0,167,16
"2733",0,168,16
"2734",0,169,16
"2735",0,170,16
"2736",0,171,16
"2737",0,1,17
"2738",0,2,17
"2739",0,3,17
"2740",0,4,17
"2741",0,5,17
"2742",0,6,17
"2743",0,7,17
"2744",0,8,17
"2745",0,9,17
"2746",0,10,17
"2747",0,11,17
"2748",0,12,17
"2749",0,13,17
"2750",0,14,17
"2751",0,15,17
"2752",0,16,17
"2753",0,17,17
"2754",0,18,17
"2755",0,19,17
"2756",0,20,17
"2757",0,21,17
"2758",0,22,17
"2759",0,23,17
"2760",0,24,17
"2761",0,25,17
"2762",0,26,17
"2763",0,27,17
"2764",0,28,17
"2765",0,29,17
"2766",0,30,17
"2767",0,31,17
"2768",0,32,17
"2769",0,33,17
"2770",0,34,17
"2771",0,35,17
"2772",0,36,17
"2773",0,37,17
"2774",0,38,17
"2775",0,39,17
"2776",0,40,17
"2777",0,41,17
"2778",0,42,17
"2779",0,43,17
"2780",0,44,17
"2781",0,45,17
"2782",0,46,17
"2783",0,47,17
"2784",0,48,17
"2785",0,49,17
"2786",0,50,17
"2787",0,51,17
"2788",0,52,17
"2789",0,53,17
"2790",0,54,17
"2791",0,55,17
"2792",0,56,17
"2793",0,57,17
"2794",0,58,17
"2795",0,59,17
"2796",0,60,17
"2797",0,61,17
"2798",0,62,17
"2799",0,63,17
"2800",0,64,17
"2801",0,65,17
"2802",0,66,17
"2803",0,67,17
"2804",0,68,17
"2805",0,69,17
"2806",0,70,17
"2807",0,71,17
"2808",0,72,17
"2809",0,73,17
"2810",0,74,17
"2811",0,75,17
"2812",0,76,17
"2813",0,77,17
"2814",0,78,17
"2815",0,79,17
"2816",0,80,17
"2817",0,81,17
"2818",0,82,17
"2819",0,83,17
"2820",0,84,17
"2821",0,85,17
"2822",0,86,17
"2823",122,87,17
"2824",122,88,17
"2825",122,89,17
"2826",122,90,17
"2827",122,91,17
"2828",108,92,17
"2829",67,93,17
"2830",122,94,17
"2831",122,95,17
"2832",122,96,17
"2833",105,97,17
"2834",122,98,17
"2835",122,99,17
"2836",0,100,17
"2837",122,101,17
"2838",122,102,17
"2839",122,103,17
"2840",0,104,17
"2841",26,105,17
"2842",122,106,17
"2843",122,107,17
"2844",122,108,17
"2845",122,109,17
"2846",122,110,17
"2847",122,111,17
"2848",122,112,17
"2849",122,113,17
"2850",0,114,17
"2851",0,115,17
"2852",23,116,17
"2853",122,117,17
"2854",122,118,17
"2855",0,119,17
"2856",0,120,17
"2857",109,121,17
"2858",110,122,17
"2859",110,123,17
"2860",110,124,17
"2861",110,125,17
"2862",108,126,17
"2863",37,127,17
"2864",108,128,17
"2865",110,129,17
"2866",109,130,17
"2867",109,131,17
"2868",0,132,17
"2869",108,133,17
"2870",103,134,17
"2871",0,135,17
"2872",0,136,17
"2873",0,137,17
"2874",0,138,17
"2875",0,139,17
"2876",0,140,17
"2877",0,141,17
"2878",0,142,17
"2879",0,143,17
"2880",0,144,17
"2881",0,145,17
"2882",0,146,17
"2883",122,147,17
"2884",122,148,17
"2885",97,149,17
"2886",12,150,17
"2887",122,151,17
"2888",18,152,17
"2889",44,153,17
"2890",122,154,17
"2891",122,155,17
"2892",122,156,17
"2893",122,157,17
"2894",0,158,17
"2895",0,159,17
"2896",0,160,17
"2897",0,161,17
"2898",0,162,17
"2899",0,163,17
"2900",0,164,17
"2901",0,165,17
"2902",0,166,17
"2903",0,167,17
"2904",0,168,17
"2905",0,169,17
"2906",0,170,17
"2907",0,171,17
"2908",0,1,18
"2909",0,2,18
"2910",0,3,18
"2911",0,4,18
"2912",0,5,18
"2913",0,6,18
"2914",0,7,18
"2915",0,8,18
"2916",0,9,18
"2917",0,10,18
"2918",0,11,18
"2919",0,12,18
"2920",0,13,18
"2921",0,14,18
"2922",0,15,18
"2923",0,16,18
"2924",0,17,18
"2925",0,18,18
"2926",0,19,18
"2927",0,20,18
"2928",0,21,18
"2929",0,22,18
"2930",0,23,18
"2931",0,24,18
"2932",0,25,18
"2933",0,26,18
"2934",0,27,18
"2935",0,28,18
"2936",0,29,18
"2937",0,30,18
"2938",0,31,18
"2939",0,32,18
"2940",0,33,18
"2941",0,34,18
"2942",0,35,18
"2943",0,36,18
"2944",0,37,18
"2945",0,38,18
"2946",0,39,18
"2947",0,40,18
"2948",0,41,18
"2949",0,42,18
"2950",0,43,18
"2951",0,44,18
"2952",0,45,18
"2953",0,46,18
"2954",0,47,18
"2955",0,48,18
"2956",0,49,18
"2957",0,50,18
"2958",0,51,18
"2959",0,52,18
"2960",0,53,18
"2961",0,54,18
"2962",0,55,18
"2963",0,56,18
"2964",0,57,18
"2965",0,58,18
"2966",0,59,18
"2967",0,60,18
"2968",0,61,18
"2969",0,62,18
"2970",0,63,18
"2971",0,64,18
"2972",0,65,18
"2973",0,66,18
"2974",0,67,18
"2975",0,68,18
"2976",0,69,18
"2977",0,70,18
"2978",0,71,18
"2979",0,72,18
"2980",0,73,18
"2981",0,74,18
"2982",0,75,18
"2983",0,76,18
"2984",0,77,18
"2985",0,78,18
"2986",0,79,18
"2987",0,80,18
"2988",0,81,18
"2989",0,82,18
"2990",0,83,18
"2991",0,84,18
"2992",0,85,18
"2993",0,86,18
"2994",184,87,18
"2995",72,88,18
"2996",174,89,18
"2997",184,90,18
"2998",184,91,18
"2999",75,92,18
"3000",184,93,18
"3001",184,94,18
"3002",0,95,18
"3003",83,96,18
"3004",166,97,18
"3005",175,98,18
"3006",184,99,18
"3007",134,100,18
"3008",184,101,18
"3009",184,102,18
"3010",184,103,18
"3011",0,104,18
"3012",150,105,18
"3013",184,106,18
"3014",184,107,18
"3015",184,108,18
"3016",184,109,18
"3017",184,110,18
"3018",184,111,18
"3019",184,112,18
"3020",184,113,18
"3021",120,114,18
"3022",0,115,18
"3023",149,116,18
"3024",184,117,18
"3025",184,118,18
"3026",0,119,18
"3027",0,120,18
"3028",184,121,18
"3029",184,122,18
"3030",184,123,18
"3031",184,124,18
"3032",184,125,18
"3033",184,126,18
"3034",184,127,18
"3035",184,128,18
"3036",184,129,18
"3037",184,130,18
"3038",184,131,18
"3039",0,132,18
"3040",184,133,18
"3041",0,134,18
"3042",0,135,18
"3043",0,136,18
"3044",0,137,18
"3045",0,138,18
"3046",0,139,18
"3047",0,140,18
"3048",0,141,18
"3049",0,142,18
"3050",0,143,18
"3051",0,144,18
"3052",0,145,18
"3053",0,146,18
"3054",154,147,18
"3055",160,148,18
"3056",135,149,18
"3057",75,150,18
"3058",160,151,18
"3059",94,152,18
"3060",142,153,18
"3061",160,154,18
"3062",160,155,18
"3063",160,156,18
"3064",160,157,18
"3065",0,158,18
"3066",0,159,18
"3067",0,160,18
"3068",0,161,18
"3069",0,162,18
"3070",0,163,18
"3071",0,164,18
"3072",0,165,18
"3073",0,166,18
"3074",0,167,18
"3075",0,168,18
"3076",0,169,18
"3077",0,170,18
"3078",0,171,18
"3079",0,1,19
"3080",0,2,19
"3081",0,3,19
"3082",0,4,19
"3083",0,5,19
"3084",0,6,19
"3085",0,7,19
"3086",0,8,19
"3087",0,9,19
"3088",0,10,19
"3089",0,11,19
"3090",0,12,19
"3091",0,13,19
"3092",0,14,19
"3093",0,15,19
"3094",0,16,19
"3095",0,17,19
"3096",0,18,19
"3097",0,19,19
"3098",0,20,19
"3099",0,21,19
"3100",0,22,19
"3101",0,23,19
"3102",0,24,19
"3103",0,25,19
"3104",0,26,19
"3105",0,27,19
"3106",0,28,19
"3107",0,29,19
"3108",0,30,19
"3109",0,31,19
"3110",0,32,19
"3111",0,33,19
"3112",0,34,19
"3113",0,35,19
"3114",0,36,19
"3115",0,37,19
"3116",0,38,19
"3117",0,39,19
"3118",0,40,19
"3119",0,41,19
"3120",0,42,19
"3121",0,43,19
"3122",0,44,19
"3123",0,45,19
"3124",0,46,19
"3125",0,47,19
"3126",0,48,19
"3127",0,49,19
"3128",0,50,19
"3129",0,51,19
"3130",0,52,19
"3131",0,53,19
"3132",0,54,19
"3133",0,55,19
"3134",0,56,19
"3135",0,57,19
"3136",0,58,19
"3137",0,59,19
"3138",0,60,19
"3139",0,61,19
"3140",0,62,19
"3141",0,63,19
"3142",0,64,19
"3143",0,65,19
"3144",0,66,19
"3145",0,67,19
"3146",0,68,19
"3147",0,69,19
"3148",0,70,19
"3149",0,71,19
"3150",0,72,19
"3151",0,73,19
"3152",0,74,19
"3153",0,75,19
"3154",0,76,19
"3155",0,77,19
"3156",0,78,19
"3157",0,79,19
"3158",0,80,19
"3159",0,81,19
"3160",0,82,19
"3161",0,83,19
"3162",0,84,19
"3163",0,85,19
"3164",0,86,19
"3165",121,87,19
"3166",99,88,19
"3167",0,89,19
"3168",117,90,19
"3169",121,91,19
"3170",121,92,19
"3171",121,93,19
"3172",53,94,19
"3173",0,95,19
"3174",0,96,19
"3175",121,97,19
"3176",121,98,19
"3177",121,99,19
"3178",121,100,19
"3179",121,101,19
"3180",121,102,19
"3181",121,103,19
"3182",0,104,19
"3183",121,105,19
"3184",121,106,19
"3185",0,107,19
"3186",121,108,19
"3187",121,109,19
"3188",121,110,19
"3189",121,111,19
"3190",121,112,19
"3191",0,113,19
"3192",121,114,19
"3193",121,115,19
"3194",121,116,19
"3195",121,117,19
"3196",121,118,19
"3197",0,119,19
"3198",0,120,19
"3199",92,121,19
"3200",121,122,19
"3201",121,123,19
"3202",121,124,19
"3203",121,125,19
"3204",121,126,19
"3205",121,127,19
"3206",121,128,19
"3207",121,129,19
"3208",121,130,19
"3209",121,131,19
"3210",0,132,19
"3211",121,133,19
"3212",0,134,19
"3213",0,135,19
"3214",0,136,19
"3215",0,137,19
"3216",0,138,19
"3217",0,139,19
"3218",0,140,19
"3219",0,141,19
"3220",0,142,19
"3221",0,143,19
"3222",0,144,19
"3223",0,145,19
"3224",0,146,19
"3225",0,147,19
"3226",0,148,19
"3227",121,149,19
"3228",0,150,19
"3229",121,151,19
"3230",0,152,19
"3231",114,153,19
"3232",0,154,19
"3233",121,155,19
"3234",121,156,19
"3235",121,157,19
"3236",0,158,19
"3237",0,159,19
"3238",0,160,19
"3239",0,161,19
"3240",0,162,19
"3241",0,163,19
"3242",0,164,19
"3243",0,165,19
"3244",0,166,19
"3245",0,167,19
"3246",0,168,19
"3247",0,169,19
"3248",0,170,19
"3249",0,171,19
"3250",0,1,20
"3251",0,2,20
"3252",0,3,20
"3253",0,4,20
"3254",0,5,20
"3255",0,6,20
"3256",0,7,20
"3257",0,8,20
"3258",0,9,20
"3259",0,10,20
"3260",0,11,20
"3261",0,12,20
"3262",0,13,20
"3263",0,14,20
"3264",0,15,20
"3265",0,16,20
"3266",0,17,20
"3267",0,18,20
"3268",0,19,20
"3269",0,20,20
"3270",0,21,20
"3271",0,22,20
"3272",0,23,20
"3273",0,24,20
"3274",0,25,20
"3275",0,26,20
"3276",0,27,20
"3277",0,28,20
"3278",0,29,20
"3279",0,30,20
"3280",0,31,20
"3281",0,32,20
"3282",0,33,20
"3283",0,34,20
"3284",0,35,20
"3285",0,36,20
"3286",0,37,20
"3287",0,38,20
"3288",0,39,20
"3289",0,40,20
"3290",0,41,20
"3291",0,42,20
"3292",0,43,20
"3293",0,44,20
"3294",0,45,20
"3295",0,46,20
"3296",0,47,20
"3297",0,48,20
"3298",0,49,20
"3299",0,50,20
"3300",0,51,20
"3301",0,52,20
"3302",0,53,20
"3303",0,54,20
"3304",0,55,20
"3305",0,56,20
"3306",0,57,20
"3307",0,58,20
"3308",0,59,20
"3309",0,60,20
"3310",0,61,20
"3311",0,62,20
"3312",0,63,20
"3313",0,64,20
"3314",0,65,20
"3315",0,66,20
"3316",0,67,20
"3317",0,68,20
"3318",0,69,20
"3319",0,70,20
"3320",0,71,20
"3321",0,72,20
"3322",0,73,20
"3323",0,74,20
"3324",0,75,20
"3325",0,76,20
"3326",0,77,20
"3327",0,78,20
"3328",0,79,20
"3329",0,80,20
"3330",0,81,20
"3331",0,82,20
"3332",0,83,20
"3333",0,84,20
"3334",0,85,20
"3335",0,86,20
"3336",83,87,20
"3337",97,88,20
"3338",97,89,20
"3339",97,90,20
"3340",97,91,20
"3341",184,92,20
"3342",184,93,20
"3343",73,94,20
"3344",0,95,20
"3345",13,96,20
"3346",184,97,20
"3347",166,98,20
"3348",144,99,20
"3349",0,100,20
"3350",184,101,20
"3351",184,102,20
"3352",184,103,20
"3353",0,104,20
"3354",184,105,20
"3355",184,106,20
"3356",102,107,20
"3357",184,108,20
"3358",184,109,20
"3359",184,110,20
"3360",82,111,20
"3361",184,112,20
"3362",102,113,20
"3363",184,114,20
"3364",102,115,20
"3365",184,116,20
"3366",83,117,20
"3367",184,118,20
"3368",0,119,20
"3369",0,120,20
"3370",96,121,20
"3371",184,122,20
"3372",184,123,20
"3373",184,124,20
"3374",184,125,20
"3375",184,126,20
"3376",184,127,20
"3377",184,128,20
"3378",184,129,20
"3379",184,130,20
"3380",184,131,20
"3381",0,132,20
"3382",184,133,20
"3383",0,134,20
"3384",0,135,20
"3385",0,136,20
"3386",0,137,20
"3387",0,138,20
"3388",0,139,20
"3389",0,140,20
"3390",0,141,20
"3391",0,142,20
"3392",0,143,20
"3393",0,144,20
"3394",0,145,20
"3395",99,146,20
"3396",35,147,20
"3397",99,148,20
"3398",99,149,20
"3399",0,150,20
"3400",184,151,20
"3401",59,152,20
"3402",79,153,20
"3403",99,154,20
"3404",184,155,20
"3405",157,156,20
"3406",184,157,20
"3407",0,158,20
"3408",0,159,20
"3409",0,160,20
"3410",0,161,20
"3411",0,162,20
"3412",0,163,20
"3413",0,164,20
"3414",0,165,20
"3415",0,166,20
"3416",0,167,20
"3417",0,168,20
"3418",0,169,20
"3419",0,170,20
"3420",0,171,20
"3421",0,1,21
"3422",0,2,21
"3423",0,3,21
"3424",0,4,21
"3425",0,5,21
"3426",0,6,21
"3427",0,7,21
"3428",0,8,21
"3429",0,9,21
"3430",0,10,21
"3431",0,11,21
"3432",0,12,21
"3433",0,13,21
"3434",0,14,21
"3435",0,15,21
"3436",0,16,21
"3437",0,17,21
"3438",0,18,21
"3439",0,19,21
"3440",0,20,21
"3441",0,21,21
"3442",0,22,21
"3443",0,23,21
"3444",0,24,21
"3445",0,25,21
"3446",0,26,21
"3447",0,27,21
"3448",0,28,21
"3449",0,29,21
"3450",0,30,21
"3451",0,31,21
"3452",0,32,21
"3453",0,33,21
"3454",0,34,21
"3455",0,35,21
"3456",0,36,21
"3457",0,37,21
"3458",0,38,21
"3459",0,39,21
"3460",0,40,21
"3461",0,41,21
"3462",0,42,21
"3463",0,43,21
"3464",0,44,21
"3465",0,45,21
"3466",0,46,21
"3467",0,47,21
"3468",0,48,21
"3469",0,49,21
"3470",0,50,21
"3471",0,51,21
"3472",0,52,21
"3473",0,53,21
"3474",0,54,21
"3475",0,55,21
"3476",0,56,21
"3477",0,57,21
"3478",0,58,21
"3479",0,59,21
"3480",0,60,21
"3481",0,61,21
"3482",0,62,21
"3483",0,63,21
"3484",0,64,21
"3485",0,65,21
"3486",0,66,21
"3487",0,67,21
"3488",0,68,21
"3489",0,69,21
"3490",0,70,21
"3491",0,71,21
"3492",0,72,21
"3493",0,73,21
"3494",0,74,21
"3495",0,75,21
"3496",0,76,21
"3497",0,77,21
"3498",0,78,21
"3499",0,79,21
"3500",0,80,21
"3501",0,81,21
"3502",0,82,21
"3503",0,83,21
"3504",0,84,21
"3505",0,85,21
"3506",0,86,21
"3507",121,87,21
"3508",0,88,21
"3509",121,89,21
"3510",121,90,21
"3511",0,91,21
"3512",121,92,21
"3513",121,93,21
"3514",121,94,21
"3515",0,95,21
"3516",3,96,21
"3517",121,97,21
"3518",121,98,21
"3519",121,99,21
"3520",53,100,21
"3521",121,101,21
"3522",121,102,21
"3523",121,103,21
"3524",0,104,21
"3525",60,105,21
"3526",88,106,21
"3527",69,107,21
"3528",121,108,21
"3529",121,109,21
"3530",121,110,21
"3531",50,111,21
"3532",121,112,21
"3533",110,113,21
"3534",121,114,21
"3535",59,115,21
"3536",69,116,21
"3537",0,117,21
"3538",121,118,21
"3539",0,119,21
"3540",0,120,21
"3541",69,121,21
"3542",121,122,21
"3543",121,123,21
"3544",63,124,21
"3545",121,125,21
"3546",121,126,21
"3547",121,127,21
"3548",121,128,21
"3549",1,129,21
"3550",121,130,21
"3551",1,131,21
"3552",0,132,21
"3553",121,133,21
"3554",0,134,21
"3555",0,135,21
"3556",0,136,21
"3557",0,137,21
"3558",0,138,21
"3559",0,139,21
"3560",0,140,21
"3561",0,141,21
"3562",0,142,21
"3563",0,143,21
"3564",0,144,21
"3565",0,145,21
"3566",3,146,21
"3567",118,147,21
"3568",121,148,21
"3569",121,149,21
"3570",0,150,21
"3571",121,151,21
"3572",0,152,21
"3573",68,153,21
"3574",121,154,21
"3575",121,155,21
"3576",121,156,21
"3577",19,157,21
"3578",0,158,21
"3579",0,159,21
"3580",0,160,21
"3581",0,161,21
"3582",0,162,21
"3583",0,163,21
"3584",0,164,21
"3585",0,165,21
"3586",0,166,21
"3587",0,167,21
"3588",0,168,21
"3589",0,169,21
"3590",0,170,21
"3591",0,171,21
"3592",0,1,22
"3593",0,2,22
"3594",0,3,22
"3595",0,4,22
"3596",0,5,22
"3597",0,6,22
"3598",0,7,22
"3599",0,8,22
"3600",0,9,22
"3601",0,10,22
"3602",0,11,22
"3603",0,12,22
"3604",0,13,22
"3605",0,14,22
"3606",0,15,22
"3607",0,16,22
"3608",0,17,22
"3609",0,18,22
"3610",0,19,22
"3611",0,20,22
"3612",0,21,22
"3613",0,22,22
"3614",0,23,22
"3615",0,24,22
"3616",0,25,22
"3617",0,26,22
"3618",0,27,22
"3619",0,28,22
"3620",0,29,22
"3621",0,30,22
"3622",0,31,22
"3623",0,32,22
"3624",0,33,22
"3625",0,34,22
"3626",0,35,22
"3627",0,36,22
"3628",0,37,22
"3629",0,38,22
"3630",0,39,22
"3631",0,40,22
"3632",0,41,22
"3633",0,42,22
"3634",0,43,22
"3635",0,44,22
"3636",0,45,22
"3637",0,46,22
"3638",0,47,22
"3639",0,48,22
"3640",0,49,22
"3641",0,50,22
"3642",0,51,22
"3643",0,52,22
"3644",0,53,22
"3645",0,54,22
"3646",0,55,22
"3647",0,56,22
"3648",0,57,22
"3649",0,58,22
"3650",0,59,22
"3651",0,60,22
"3652",0,61,22
"3653",0,62,22
"3654",0,63,22
"3655",0,64,22
"3656",0,65,22
"3657",0,66,22
"3658",0,67,22
"3659",0,68,22
"3660",0,69,22
"3661",0,70,22
"3662",0,71,22
"3663",0,72,22
"3664",0,73,22
"3665",0,74,22
"3666",0,75,22
"3667",0,76,22
"3668",0,77,22
"3669",0,78,22
"3670",0,79,22
"3671",0,80,22
"3672",0,81,22
"3673",0,82,22
"3674",0,83,22
"3675",0,84,22
"3676",0,85,22
"3677",0,86,22
"3678",93,87,22
"3679",64,88,22
"3680",184,89,22
"3681",0,90,22
"3682",4,91,22
"3683",175,92,22
"3684",126,93,22
"3685",184,94,22
"3686",0,95,22
"3687",4,96,22
"3688",39,97,22
"3689",24,98,22
"3690",184,99,22
"3691",47,100,22
"3692",184,101,22
"3693",184,102,22
"3694",184,103,22
"3695",0,104,22
"3696",138,105,22
"3697",180,106,22
"3698",7,107,22
"3699",184,108,22
"3700",44,109,22
"3701",184,110,22
"3702",67,111,22
"3703",146,112,22
"3704",10,113,22
"3705",57,114,22
"3706",4,115,22
"3707",67,116,22
"3708",177,117,22
"3709",184,118,22
"3710",0,119,22
"3711",0,120,22
"3712",4,121,22
"3713",103,122,22
"3714",45,123,22
"3715",0,124,22
"3716",184,125,22
"3717",184,126,22
"3718",184,127,22
"3719",184,128,22
"3720",0,129,22
"3721",184,130,22
"3722",184,131,22
"3723",0,132,22
"3724",154,133,22
"3725",0,134,22
"3726",0,135,22
"3727",0,136,22
"3728",0,137,22
"3729",0,138,22
"3730",0,139,22
"3731",0,140,22
"3732",0,141,22
"3733",0,142,22
"3734",0,143,22
"3735",0,144,22
"3736",0,145,22
"3737",0,146,22
"3738",104,147,22
"3739",184,148,22
"3740",102,149,22
"3741",0,150,22
"3742",178,151,22
"3743",0,152,22
"3744",11,153,22
"3745",56,154,22
"3746",137,155,22
"3747",16,156,22
"3748",67,157,22
"3749",0,158,22
"3750",0,159,22
"3751",0,160,22
"3752",0,161,22
"3753",0,162,22
"3754",0,163,22
"3755",0,164,22
"3756",0,165,22
"3757",0,166,22
"3758",0,167,22
"3759",0,168,22
"3760",0,169,22
"3761",0,170,22
"3762",0,171,22
